"English","Arabic"
"Log In to Dashboard",""
"Email Address",""
"enter email id",""
"Password",""
"enter password",""
"Remember me",""
"Sign In",""
"Signing In...",""
"Unable to sign in. Please check your credentials.",""
"Unexpected response from server.",""
"Admin",""
"Logout",""
"Confirm Logout",""
"Are you sure you want to log out of your session? Any unsaved administrative views will be closed.",""
"Yes, Log Out",""
"No",""
"Dashboard",""
"Transaction",""
"User access control",""
"Admin Sub-users",""
"Pre Inspection",""
"Motor Claim",""
"Wind Shield Claim",""
"Send Link to Customer",""
"Search by name, email,...",""
"From",""
"To",""
"Status",""
"All Status",""
"Sent",""
"Processing",""
"Received",""
"Expired",""
"Regenerated",""
"Review Status",""
"All Review Status",""
"Pending",""
"Viewed",""
"Accepted",""
"Rejected",""
"Creator User Type",""
"All User Types",""
"Supervisor",""
"Pre-Policy Broad Access",""
"Pre-Policy Limited Access",""
"Claims Broad Access",""
"Claims Limited Access",""
"Sort By",""
"Newest First",""
"Oldest First",""
"Total List :",""
"Sr No",""
"Customer Name",""
"Policy Number",""
"Claim Number",""
"Created By",""
"Date",""
"Time",""
"Updated At",""
"Damage Level",""
"No Damage",""
"Minor Damage",""
"Medium Damage",""
"Major Damage",""
"Damaged",""
"Link",""
"Regenerate Link",""
"Copy Link",""
"Link copied!",""
"View",""
"Loading inspections...",""
"Showing",""
"of",""
"No inspections found",""
"Unable to load inspections. Please try again.",""
"Prev",""
"Next",""
"Page",""
"Type",""
"Vehicle Inspection",""
"Name of the Customer",""
"Enter full name",""
"Customer Email Address",""
"Enter email",""
"Customer Phone Number",""
"Enter phone no",""
"Customer Policy Number",""
"Enter policy number",""
"Enter claim number",""
"Please fill in all required fields (Name, Phone).",""
"Link sent successfully.",""
"Sending...",""
"Send Link",""
"Cancel",""
"Failed to send link. Please try again.",""
"Total Links Sent",""
"Month",""
"Year",""
"Total Link Sent",""
"Clicks",""
"Total Completed",""
"Not Clicked",""
"Link Sent Over Time",""
"Link Sent",""
"Days",""
"Week",""
"Loading chart...",""
"No data available for selected period.",""
"Transaction List",""
"Total Supervisors",""
"Total Sub-users",""
"Logged In Profile",""
"Combined Activity (Sum of All Supervisors)",""
"Links Sent",""
"Clicked",""
"Completed",""
"Supervisors Directory",""
"Add Supervisor",""
"No Supervisors Available",""
"Register a new supervisor to begin structuring your user access hierarchy.",""
"Supervisor Name",""
"Role Type",""
"Actions",""
"View Sub-Users",""
"Stats",""
"Change Password",""
"Edit Supervisor",""
"Delete Supervisor",""
"Total Sent",""
"Status Ratio",""
"Review Results",""
"Back to directory",""
"Overall Summary for :",""
"Associated Sub-users' Combined Transactions",""
"Admin Sub-users List",""
"My Sub-users List",""
"Sub-users of",""
"Add Sub-user",""
"No Sub-users Found",""
"There are no sub-users registered under this supervisor.",""
"Sub-user Name",""
"Access Role Type",""
"Edit Sub-user",""
"Delete Sub-user",""
"Inspections Created by",""
"Register New Supervisor",""
"e.g. John Doe",""
"supervisor@example.com",""
"Register",""
"Add Sub-user Account",""
"e.g. Jane Doe",""
"subuser@example.com",""
"-- Choose Access Role --",""
"Assign Supervisor",""
"-- Choose Supervisor --",""
"Create",""
"Edit User Details",""
"Save Changes",""
"Confirm Deletion",""
"Are you sure you want to permanently delete the following user profile?",""
"Role:",""
"This action is irreversible and will revoke all access privileges.",""
"Delete User",""
"Change User Password",""
"New Password",""
"Confirm Password",""
"Passwords do not match.",""
"All fields are required.",""
"Name and Email are required.",""
"Please select a Supervisor.",""
"Supervisor created successfully!",""
"Sub-user created successfully!",""
"User details updated successfully!",""
"User deleted successfully!",""
"Password changed successfully!",""
"Loading user management details...",""
"Supervisor Admin",""
"Success",""
"Error",""
"Pre-Policy Assessment Result",""
"Back",""
"Reassessment",""
"Export As PDF",""
"Start Reassessment",""
"Are you sure you want to start a new assessment for this claim?",""
"License Plate",""
"Reassess the license plate text",""
"Chassis No",""
"Reassess the chassis number text",""
"Vehicle Damage",""
"Reassess vehicle damage detection",""
"Auto Rotation",""
"Rotate images automatically",""
"Confirm",""
"No reassessment option selected.",""
"Reassessment started successfully!",""
"Reassessment failed",""
"Edit Status",""
"Current Status:",""
"Not Marked",""
"Notes:",""
"Add additional notes...",""
"Save",""
"Customer Details",""
"Edit Details",""
"Full Name",""
"Policy No.",""
"Claim No.",""
"Location",""
"Check Location",""
"Fake Image detected",""
"Yes",""
"Plate No",""
"Plate Number",""
"Chassis Number",""
"AI Damage Inspection",""
"Damage Detected",""
"Original",""
"AI Analysis",""
"Edit",""
"Part",""
"Details",""
"OK",""
"No issues found",""
"Loading results...",""
"Could not load inspection data.",""
"Go to Home",""
"Windshield Claim Assessment",""
"Windshield Inspection",""
"Windshield Assessment Results",""
"Closeup Image",""
"Plate Image",""
"AI Result",""
"Are you sure you want to start a new assessment for this windshield claim?",""
"Apply Rotation",""
"Windshield Closeup",""
"Windshield Plate",""
"Pre Claim Policy Inspection",""
"Take photos of your vehicle from all four sides for inspection",""
"6 photos required: plate, chassis & 4 sides",""
"GPS location will be recorded",""
"Securely submitted for assessment",""
"Start Assessment",""
"Photo Tips – Do's",""
"Photo Tips – Don'ts",""
"Follow these guidelines for the best results.",""
"Ensure good lighting conditions",""
"Keep the vehicle within the frame guide",""
"Take photos from a reasonable distance",""
"Ensure the entire vehicle is visible",""
"Don't shoot in direct harsh sunlight",""
"Don't cut off parts of the vehicle",""
"Don't use blurry or shaky photos",""
"Got It — Continue",""
"Turn Off Auto-Rotation",""
"Before we begin, please turn off your phone's auto-rotation feature.",""
"This ensures the camera stays in the correct orientation while you take photos.",""
"Allow Access",""
"We need camera and GPS permissions to capture and geo-tag your vehicle photos.",""
"Camera",""
"Location",""
"Grant Permissions",""
"Requesting permissions…",""
"Position the plate within the frame",""
"Position the chassis number within the frame",""
"Front of Vehicle",""
"Rear of Vehicle",""
"Left Side",""
"Right Side",""
"Rotate to Landscape",""
"For this photo, hold your phone horizontally",""
"Capture",""
"Tap to view",""
"Review Your Photos",""
"Make sure all vehicle sides are clearly visible",""
"Retake",""
"Retake All Photos",""
"Submit Assessment",""
"Submitting…",""
"Assessment submitted",""
"Your vehicle inspection has been received and is under review.",""
"Complete",""
"Done",""
"Something went wrong",""
"Authenticating link…",""
"Link Expired",""
"This inspection link has expired. Please contact the administrator to request a new link.",""
"Authentication Failed",""
"We could not verify this inspection link. Please check the link or contact the administrator.",""
"Missing link data",""
"This step needs a valid inspection link (user id and session id). Use the link you were sent or contact support.",""
"Go back",""
"Verifying image...",""
"Text Not Detected",""
"We couldn't read the text clearly. Would you like to retake the photo or continue?",""
"Retake Photo",""
"Continue to Next Step",""
"Motor Claim Inspection",""
"Capture required photos and any additional damage evidence for your motor claim assessment",""
"6 photos required: License plate, chassis & 4 sides",""
"License plate + chassis number photos",""
"Front/Rear/Left/Right side capture via live guidance",""
"Add unlimited extra damage photos",""
"Capture all visible damage clearly",""
"Submission Successful",""
"Your claim has been submitted successfully. Our team will review and contact you shortly.",""
"Windshield Claim",""
"Windshield Damage Inspection",""
"Wind Shield Crack Assessment",""
"Capture your vehicle details and windshield damage photos to process your claim quickly",""
"Take photos of your car's windshield crack for immediate AI analysis.",""
"License plate & chassis number photos",""
"Full windshield with plate visible",""
"Close-up of the damaged area",""
"Ensure good lighting — natural daylight is best",""
"Keep the full windshield in frame",""
"Get close enough to show crack or chip details",""
"Make sure the license plate is readable",""
"Don't shoot with glare or reflections on glass",""
"Don't obscure the damage with your hand",""
"Don't submit blurry close-up shots",""
"Follow these guidelines for the best claim results.",""
"We need camera and GPS permissions to capture and geo-tag your windshield photos.",""
"Hold your phone horizontally to capture the photo",""
"Got It",""
"Position the plate clearly within the frame",""
"Plate must be visible",""
"Move closer — fill the frame with the damaged area",""
"Move in close — fill frame with the crack or chip",""
"Vehicle Documents",""
"Windshield Photos",""
"Windshield",""
"Windshield with Plate",""
"Windshield Damage Closeup",""
"Clear & well-lit images",""
"Include license plate in 1 photo",""
"Wait for AI processing",""
"AI detects damage instantly",""
"Submit photos for instant analysis",""
"Secure damage assessment",""
"Ensure all photos are clear before submitting",""
"Submit Claim",""
"Vehicle Side Detection",""
"Capture & verify each side",""
"Live",""
"Connecting",""
"Starting",""
"Verifying…",""
"Checking if this is the correct side",""
"Photo Captured ✓",""
"Detected:",""
"Wrong side detected",""
"Got",""
"expected",""
"Please try again",""
"Point your camera at the",""
"of the vehicle and tap",""
"Click Again",""
"Finish",""
"All Sides Captured!",""
"Processing your photos…",""
"Capture in Landscape",""
"For the most accurate recognition, please hold your phone horizontally (Landscape mode) when capturing the four sides of the vehicle.",""
"I understand",""
"Waiting for camera…",""
"front",""
"rear",""
"left",""
"right",""
"Front Side Capture Guide",""
"Front Side Instructions",""
"Point your camera at the Front of the vehicle. Ensure the entire front profile (grille, headlights, and license plate) is fully visible and centered in the frame.",""
"Rear Side Capture Guide",""
"Rear Side Instructions",""
"Point your camera at the Rear of the vehicle. Ensure the entire rear profile (taillights, rear bumper, and license plate) is fully visible and centered.",""
"Left Side Capture Guide",""
"Left Side Instructions",""
"Point your camera at the Left Side of the vehicle. Ensure the full left side profile, including both wheels and doors, is captured clearly.",""
"Right Side Capture Guide",""
"Right Side Instructions",""
"Point your camera at the Right Side of the vehicle. Ensure the full right side profile, including both wheels and doors, is captured clearly.",""
"Show Guide",""
"Tap thumbnail to view guide",""
"Side verified successfully! Click Next to proceed.",""
"Verification failed. Tap the thumbnail to review the guide.",""
"Side Not Detected",""
"Please try again. Make sure you align the vehicle side correctly.",""
"Try Again",""
"Real Car Required",""
"Please take a picture of a real car. Do not take pictures from any laptop or other devices.",""
"Add damage photos?",""
"You can add any number of additional photos showing specific damage, interior, or other details to strengthen your claim.",""
"Required Photos",""
"Vehicle Side Photos",""
"Additional Photos",""
"Additional Photo",""
"Add",""
"Another",""
"Photo",""
"Review & Submit",""
"No additional photos — you can still submit",""
"additional photo",""
"added",""
"photo",""
"photos",""
"total",""
"required",""
"additional",""
"Required Photos Done",""
"captured",""
"Capture any additional damage or details",""
"Add More Photos",""
"Capture Additional Photo",""
"Front Bumper",""
"Rear Bumper",""
"Bonnet / Hood",""
"Front Grille",""
"Left Headlight",""
"Right Headlight",""
"Left Taillight",""
"Right Taillight",""
"Left Front Fender",""
"Right Front Fender",""
"Left Rear Fender / Quarter Panel",""
"Right Rear Fender / Quarter Panel",""
"Left Front Door",""
"Right Front Door",""
"Left Rear Door",""
"Right Rear Door",""
"Roof",""
"Windshield (Front)",""
"Rear Windshield / Back Glass",""
"Left Side Mirror",""
"Right Side Mirror",""
"Trunk / Boot Lid",""
"Wheel / Rim",""
"Rocker Panel / Side Skirt",""
"Scratch",""
"Dent",""
"Tear",""
"Crack",""
"Broken",""
"Deformed",""
"Shattered",""
"Edit Result",""
"Draw",""
"Erase",""
"Size",""
"Undo",""
"Zoom In",""
"Zoom Out",""
"Rotate",""
"Loading image...",""
"Failed to load image",""
"Full screen",""
"Camera permission denied. Please allow camera access in your browser settings.",""
"No camera was found on this device.",""
"Camera is in use or unavailable. Close other apps using the camera and try again.",""
"Camera is not supported in this browser.",""
"Could not open the camera. Please try again.",""
"Location access was blocked or timed out. You can continue; GPS tagging may be limited.",""
"Try again",""
"Missing unique_id",""
"Failed to submit assessment",""
"Failed to load results",""
"Failed to save status",""
"Failed to save",""
"Failed to rotate image",""
"Failed to update details",""
"January",""
"February",""
"March",""
"April",""
"May",""
"June",""
"July",""
"August",""
"September",""
"October",""
"November",""
"December",""
"Jan",""
"Feb",""
"Mar",""
"Apr",""
"Jun",""
"Jul",""
"Aug",""
"Sep",""
"Oct",""
"Nov",""
"Dec",""
"Sunday",""
"Monday",""
"Tuesday",""
"Wednesday",""
"Thursday",""
"Friday",""
"Saturday",""
"Su",""
"Mo",""
"Tu",""
"We",""
"Th",""
"Fr",""
"Sa",""
"Clear",""
"dd-mm-yyyy",""
